[{"model": "contenttypes.contenttype", "pk": 1, "fields": {"app_label": "admin", "model": "logentry"}}, {"model": "contenttypes.contenttype", "pk": 2, "fields": {"app_label": "auth", "model": "permission"}}, {"model": "contenttypes.contenttype", "pk": 3, "fields": {"app_label": "auth", "model": "group"}}, {"model": "contenttypes.contenttype", "pk": 4, "fields": {"app_label": "auth", "model": "user"}}, {"model": "contenttypes.contenttype", "pk": 5, "fields": {"app_label": "contenttypes", "model": "contenttype"}}, {"model": "contenttypes.contenttype", "pk": 6, "fields": {"app_label": "sessions", "model": "session"}}, {"model": "contenttypes.contenttype", "pk": 7, "fields": {"app_label": "eventmakerapp", "model": "comment"}}, {"model": "contenttypes.contenttype", "pk": 8, "fields": {"app_label": "eventmakerapp", "model": "event"}}, {"model": "contenttypes.contenttype", "pk": 9, "fields": {"app_label": "eventmakerapp", "model": "userprofile"}}, {"model": "contenttypes.contenttype", "pk": 10, "fields": {"app_label": "eventmakerapp", "model": "like"}}, {"model": "auth.permission", "pk": 1, "fields": {"name": "Can add log entry", "content_type": 1, "codename": "add_logentry"}}, {"model": "auth.permission", "pk": 2, "fields": {"name": "Can change log entry", "content_type": 1, "codename": "change_logentry"}}, {"model": "auth.permission", "pk": 3, "fields": {"name": "Can delete log entry", "content_type": 1, "codename": "delete_logentry"}}, {"model": "auth.permission", "pk": 4, "fields": {"name": "Can view log entry", "content_type": 1, "codename": "view_logentry"}}, {"model": "auth.permission", "pk": 5, "fields": {"name": "Can add permission", "content_type": 2, "codename": "add_permission"}}, {"model": "auth.permission", "pk": 6, "fields": {"name": "Can change permission", "content_type": 2, "codename": "change_permission"}}, {"model": "auth.permission", "pk": 7, "fields": {"name": "Can delete permission", "content_type": 2, "codename": "delete_permission"}}, {"model": "auth.permission", "pk": 8, "fields": {"name": "Can view permission", "content_type": 2, "codename": "view_permission"}}, {"model": "auth.permission", "pk": 9, "fields": {"name": "Can add group", "content_type": 3, "codename": "add_group"}}, {"model": "auth.permission", "pk": 10, "fields": {"name": "Can change group", "content_type": 3, "codename": "change_group"}}, {"model": "auth.permission", "pk": 11, "fields": {"name": "Can delete group", "content_type": 3, "codename": "delete_group"}}, {"model": "auth.permission", "pk": 12, "fields": {"name": "Can view group", "content_type": 3, "codename": "view_group"}}, {"model": "auth.permission", "pk": 13, "fields": {"name": "Can add user", "content_type": 4, "codename": "add_user"}}, {"model": "auth.permission", "pk": 14, "fields": {"name": "Can change user", "content_type": 4, "codename": "change_user"}}, {"model": "auth.permission", "pk": 15, "fields": {"name": "Can delete user", "content_type": 4, "codename": "delete_user"}}, {"model": "auth.permission", "pk": 16, "fields": {"name": "Can view user", "content_type": 4, "codename": "view_user"}}, {"model": "auth.permission", "pk": 17, "fields": {"name": "Can add content type", "content_type": 5, "codename": "add_contenttype"}}, {"model": "auth.permission", "pk": 18, "fields": {"name": "Can change content type", "content_type": 5, "codename": "change_contenttype"}}, {"model": "auth.permission", "pk": 19, "fields": {"name": "Can delete content type", "content_type": 5, "codename": "delete_contenttype"}}, {"model": "auth.permission", "pk": 20, "fields": {"name": "Can view content type", "content_type": 5, "codename": "view_contenttype"}}, {"model": "auth.permission", "pk": 21, "fields": {"name": "Can add session", "content_type": 6, "codename": "add_session"}}, {"model": "auth.permission", "pk": 22, "fields": {"name": "Can change session", "content_type": 6, "codename": "change_session"}}, {"model": "auth.permission", "pk": 23, "fields": {"name": "Can delete session", "content_type": 6, "codename": "delete_session"}}, {"model": "auth.permission", "pk": 24, "fields": {"name": "Can view session", "content_type": 6, "codename": "view_session"}}, {"model": "auth.permission", "pk": 25, "fields": {"name": "Can add comment", "content_type": 7, "codename": "add_comment"}}, {"model": "auth.permission", "pk": 26, "fields": {"name": "Can change comment", "content_type": 7, "codename": "change_comment"}}, {"model": "auth.permission", "pk": 27, "fields": {"name": "Can delete comment", "content_type": 7, "codename": "delete_comment"}}, {"model": "auth.permission", "pk": 28, "fields": {"name": "Can view comment", "content_type": 7, "codename": "view_comment"}}, {"model": "auth.permission", "pk": 29, "fields": {"name": "Can add event", "content_type": 8, "codename": "add_event"}}, {"model": "auth.permission", "pk": 30, "fields": {"name": "Can change event", "content_type": 8, "codename": "change_event"}}, {"model": "auth.permission", "pk": 31, "fields": {"name": "Can delete event", "content_type": 8, "codename": "delete_event"}}, {"model": "auth.permission", "pk": 32, "fields": {"name": "Can view event", "content_type": 8, "codename": "view_event"}}, {"model": "auth.permission", "pk": 33, "fields": {"name": "Can add user profile", "content_type": 9, "codename": "add_userprofile"}}, {"model": "auth.permission", "pk": 34, "fields": {"name": "Can change user profile", "content_type": 9, "codename": "change_userprofile"}}, {"model": "auth.permission", "pk": 35, "fields": {"name": "Can delete user profile", "content_type": 9, "codename": "delete_userprofile"}}, {"model": "auth.permission", "pk": 36, "fields": {"name": "Can view user profile", "content_type": 9, "codename": "view_userprofile"}}, {"model": "auth.permission", "pk": 37, "fields": {"name": "Can add like", "content_type": 10, "codename": "add_like"}}, {"model": "auth.permission", "pk": 38, "fields": {"name": "Can change like", "content_type": 10, "codename": "change_like"}}, {"model": "auth.permission", "pk": 39, "fields": {"name": "Can delete like", "content_type": 10, "codename": "delete_like"}}, {"model": "auth.permission", "pk": 40, "fields": {"name": "Can view like", "content_type": 10, "codename": "view_like"}}, {"model": "auth.user", "pk": 1, "fields": {"password": "pbkdf2_sha256$150000$ipVZX2LsMyAN$CO9rrjJrs6jKjqRy7GrNHrAHtyr6U6Cw6xPkn61XKFE=", "last_login": null, "is_superuser": false, "username": "John", "first_name": "", "last_name": "", "email": "", "is_staff": false, "is_active": true, "date_joined": "2021-04-06T12:54:47.279Z", "groups": [], "user_permissions": []}}, {"model": "auth.user", "pk": 2, "fields": {"password": "pbkdf2_sha256$150000$XdM5Ts1lLVg2$dKe8f9DugheSfFsBdlVSZ7qk8P+Fk7Dd13bV16LuL6c=", "last_login": null, "is_superuser": false, "username": "Cara", "first_name": "", "last_name": "", "email": "", "is_staff": false, "is_active": true, "date_joined": "2021-04-06T12:54:47.363Z", "groups": [], "user_permissions": []}}, {"model": "auth.user", "pk": 3, "fields": {"password": "pbkdf2_sha256$150000$1whfGQ49rZBB$fxWCSzrhtf4jZLn4ZvyAcCVW4a0FqFYLXLJy/91prlU=", "last_login": null, "is_superuser": false, "username": "Bill", "first_name": "", "last_name": "", "email": "", "is_staff": false, "is_active": true, "date_joined": "2021-04-06T12:54:47.436Z", "groups": [], "user_permissions": []}}, {"model": "auth.user", "pk": 4, "fields": {"password": "pbkdf2_sha256$150000$TjDSIv3FyZcT$CWquoKls5yqd3YLZyZhk6hB4OCRlobNgMOtpIo9xAW4=", "last_login": null, "is_superuser": false, "username": "Matthew", "first_name": "", "last_name": "", "email": "", "is_staff": false, "is_active": true, "date_joined": "2021-04-06T12:54:47.510Z", "groups": [], "user_permissions": []}}, {"model": "auth.user", "pk": 5, "fields": {"password": "pbkdf2_sha256$150000$198gMdt35OaB$tukczy8EssfJUlmKKz/KpSYPoFP9CMgDeOSW0Kf7esU=", "last_login": null, "is_superuser": false, "username": "Kira", "first_name": "", "last_name": "", "email": "", "is_staff": false, "is_active": true, "date_joined": "2021-04-06T12:54:47.585Z", "groups": [], "user_permissions": []}}, {"model": "auth.user", "pk": 6, "fields": {"password": "pbkdf2_sha256$150000$yFDTBaRTJ46v$zSboUZFy6dk0i82KHK+gzioe6LVBtVvC+Bzhs1K5YnQ=", "last_login": null, "is_superuser": false, "username": "Charlie", "first_name": "", "last_name": "", "email": "", "is_staff": false, "is_active": true, "date_joined": "2021-04-06T12:54:47.658Z", "groups": [], "user_permissions": []}}, {"model": "auth.user", "pk": 7, "fields": {"password": "pbkdf2_sha256$150000$gWEd5SWmCRHG$FFyS57cmpnSIXJQTKHxYwCOJf3jnvvE0Z25dInzzoi0=", "last_login": null, "is_superuser": false, "username": "Euan", "first_name": "", "last_name": "", "email": "", "is_staff": false, "is_active": true, "date_joined": "2021-04-06T12:54:47.730Z", "groups": [], "user_permissions": []}}, {"model": "auth.user", "pk": 8, "fields": {"password": "pbkdf2_sha256$150000$AA2o6OZpiDgK$9Y8sfdUjY233U+/PyTng1b1ijJyQRmO/wtxhgyywMuw=", "last_login": null, "is_superuser": false, "username": "Emma", "first_name": "", "last_name": "", "email": "", "is_staff": false, "is_active": true, "date_joined": "2021-04-06T12:54:47.805Z", "groups": [], "user_permissions": []}}, {"model": "auth.user", "pk": 9, "fields": {"password": "pbkdf2_sha256$150000$A1FTbjsSqRvb$TeiFqEbTBiAiqXyrYEt2530JDCHZLfYj6FmpxNFdMIU=", "last_login": null, "is_superuser": false, "username": "Ben", "first_name": "", "last_name": "", "email": "", "is_staff": false, "is_active": true, "date_joined": "2021-04-06T12:54:47.879Z", "groups": [], "user_permissions": []}}, {"model": "auth.user", "pk": 10, "fields": {"password": "pbkdf2_sha256$150000$OExYpOrZzSKh$2qATP44hzgnlJYMqQ4Y+xa6AxbQ3axX0y3cdegkx1TM=", "last_login": null, "is_superuser": false, "username": "Jamie", "first_name": "", "last_name": "", "email": "", "is_staff": false, "is_active": true, "date_joined": "2021-04-06T12:54:47.952Z", "groups": [], "user_permissions": []}}, {"model": "eventmakerapp.userprofile", "pk": 1, "fields": {"user": 1, "first_name": "John", "last_name": "Smith", "is_business": true, "description": "Hi everyone! I'm John, an exchange student from Wisconsin, USA. I love taking long hikes in the mountains. Looking forward to having lots of fun in Glasgow!", "picture": ""}}, {"model": "eventmakerapp.userprofile", "pk": 2, "fields": {"user": 2, "first_name": "Cara", "last_name": "johnson", "is_business": true, "description": "Cara here. You can call me C. Did you know that the first oranges weren't actually orange? Studying BioChem second year. Insta: caraJ", "picture": "pp_cara.jpg"}}, {"model": "eventmakerapp.userprofile", "pk": 3, "fields": {"user": 3, "first_name": "Bill", "last_name": "Williams", "is_business": true, "description": "How ye daein?", "picture": "pp_bill.jpg"}}, {"model": "eventmakerapp.userprofile", "pk": 4, "fields": {"user": 4, "first_name": "Matthew", "last_name": "Brown", "is_business": false, "description": "'You miss 100% of the shots you don't take. - Wayne Gretzky' - Michael Scott", "picture": ""}}, {"model": "eventmakerapp.userprofile", "pk": 5, "fields": {"user": 5, "first_name": "Kira", "last_name": "Jones", "is_business": false, "description": "Anybody wanna join me for MCFLY on the 29th???? DON'T WANNA GO ALONE", "picture": "pp_kira.jpg"}}, {"model": "eventmakerapp.userprofile", "pk": 6, "fields": {"user": 6, "first_name": "Charlie", "last_name": "Miller", "is_business": false, "description": "Hello, my name is Charlie. I am currently studying English Literature. I look forward to joining your event", "picture": ""}}, {"model": "eventmakerapp.userprofile", "pk": 7, "fields": {"user": 7, "first_name": "Euan", "last_name": "Davis", "is_business": false, "description": "", "picture": ""}}, {"model": "eventmakerapp.userprofile", "pk": 8, "fields": {"user": 8, "first_name": "Emma", "last_name": "Hunter", "is_business": false, "description": "Favourite colour: Pink. Favourite animal: Fox. Favourite food: Avocado Sushi. Favourite band: Twenty One Pilots", "picture": ""}}, {"model": "eventmakerapp.userprofile", "pk": 9, "fields": {"user": 9, "first_name": "Ben", "last_name": "Rodriguez", "is_business": false, "description": "", "picture": "pp_ben.jpg"}}, {"model": "eventmakerapp.userprofile", "pk": 10, "fields": {"user": 10, "first_name": "Jamie", "last_name": "Martinez", "is_business": false, "description": "J.Martinez, reporting on deck!", "picture": "pp_jamie.jpg"}}, {"model": "eventmakerapp.event", "pk": 1, "fields": {"title": "Hive Thursday", "description": "Situated in the heart of the West End, Glasgow University Union is a unique venue rich in history. With its grand architecture and original period features, the building boasts a versatility that can see it transformed from a corporate setting into a spectacular and magnificent wedding venue. With the capacity to hold large dinner events, conferences and weddings, at the Glasgow University Union we possess a wealth of knowledge in hosting academic, corporate and private functions. ", "locationName": "Glasgow University Union", "entry": "", "location": "55.872530, -4.284912", "picture": "Hive.jpg", "time": "2021-07-01T18:00:00Z", "price": 4.0, "host": 1}}, {"model": "eventmakerapp.event", "pk": 2, "fields": {"title": "MCFLY", "description": "MCFLY at The Hydro. The SSE Hydro is a multi-purpose indoor arena located within the Scottish Event Campus in Glasgow, Scotland. The arena was initially named The Hydro after its main sponsor Scottish Hydro Electric. The arena was officially opened on 30 September 2013, with a concert by Rod Stewart.", "locationName": "Glasgow Hydro", "entry": "", "location": "55.860044, -4.285217", "picture": "mcfly.jpg", "time": "2021-04-29T19:00:00Z", "price": 25.0, "host": 2}}, {"model": "eventmakerapp.event", "pk": 3, "fields": {"title": "NICK CAVE AND THE BAD SEEDS", "description": "NICK CAVE AND THE BAD SEEDS at the hydro. The SSE Hydro is a multi-purpose indoor arena located within the Scottish Event Campus in Glasgow, Scotland. The arena was initially named The Hydro after its main sponsor Scottish Hydro Electric. The arena was officially opened on 30 September 2013, with a concert by Rod Stewart.", "locationName": "Glasgow Hydro", "entry": "", "location": "55.860044, -4.285217", "picture": "nick-cave-bad-seeds.jpg", "time": "2021-05-01T20:00:00Z", "price": 40.0, "host": 3}}, {"model": "eventmakerapp.event", "pk": 4, "fields": {"title": "Music Show", "description": "Some bands playing at our weekly music show", "locationName": "Bar Name", "entry": "", "location": "55.860044, -4.285217", "picture": "MusicShow.jpeg", "time": "2021-07-29T19:00:00Z", "price": 3.0, "host": 1}}, {"model": "eventmakerapp.event", "pk": 5, "fields": {"title": "Open Mic Night", "description": "Come and give it a go. karaoke night at the Bar", "locationName": "karaoke Bar", "entry": "", "location": "55.874865, -4.292925", "picture": "karaoke.jpg", "time": "2021-02-12T18:00:00Z", "price": 0.0, "host": 2}}, {"model": "eventmakerapp.event", "pk": 6, "fields": {"title": "Happy Hour", "description": "All drinks 30% off come down with your friends and have a laugh", "locationName": "Bar Name", "entry": "", "location": "55.874865, -4.292925", "picture": "Happy-hour.jpg", "time": "2021-01-03T18:00:00Z", "price": 0.0, "host": 3}}, {"model": "eventmakerapp.event", "pk": 7, "fields": {"title": "Chess Tournement", "description": "Amature Chess tournemnt, just have fun", "locationName": "Glasgow University", "entry": "", "location": "55.871796, -4.288292", "picture": "chess.jpg", "time": "2021-07-21T12:00:00Z", "price": 6.0, "host": 1}}, {"model": "eventmakerapp.event", "pk": 8, "fields": {"title": "Highland Ceilidh", "description": "Good laugh for everyone, don't need to know any dances just come along", "locationName": "Glasgow University", "entry": "", "location": "55.871483, -4.288543", "picture": "Ceilidh.jpg", "time": "2021-07-01T18:00:00Z", "price": 5.0, "host": 2}}, {"model": "eventmakerapp.event", "pk": 9, "fields": {"title": "Fun Run", "description": "Raise Money for charity and get sponsored to do a 5k run!", "locationName": "Glasgow Argyle Street", "entry": "", "location": "55.858129, -4.254747", "picture": "funrun.jpg", "time": "2021-03-29T15:00:00Z", "price": 5.0, "host": 3}}, {"model": "eventmakerapp.event", "pk": 10, "fields": {"title": "Litter Picking in Kelvingrove Park", "description": "Cleen up the park with us!", "locationName": "Kelvingrove Park", "entry": "", "location": "55.867991, -4.283774", "picture": "kelvingrove.jpg", "time": "2021-12-23T13:00:00Z", "price": 0.0, "host": 1}}, {"model": "eventmakerapp.comment", "pk": 1, "fields": {"event": 1, "user": 1, "data": "Looks Great!"}}, {"model": "eventmakerapp.comment", "pk": 2, "fields": {"event": 3, "user": 1, "data": "I am Going next week!"}}, {"model": "eventmakerapp.comment", "pk": 3, "fields": {"event": 5, "user": 1, "data": "love it!"}}, {"model": "eventmakerapp.comment", "pk": 4, "fields": {"event": 7, "user": 1, "data": "anyone else going"}}, {"model": "eventmakerapp.comment", "pk": 5, "fields": {"event": 9, "user": 1, "data": "is this one again next week"}}, {"model": "eventmakerapp.comment", "pk": 6, "fields": {"event": 2, "user": 2, "data": "WOW"}}, {"model": "eventmakerapp.comment", "pk": 7, "fields": {"event": 4, "user": 2, "data": "cant wait"}}, {"model": "eventmakerapp.comment", "pk": 8, "fields": {"event": 6, "user": 2, "data": "love it"}}, {"model": "eventmakerapp.comment", "pk": 9, "fields": {"event": 8, "user": 2, "data": "looks amazing!"}}, {"model": "eventmakerapp.comment", "pk": 10, "fields": {"event": 9, "user": 2, "data": "Lets go"}}, {"model": "eventmakerapp.comment", "pk": 11, "fields": {"event": 2, "user": 3, "data": "Loved this place been before"}}, {"model": "eventmakerapp.comment", "pk": 12, "fields": {"event": 4, "user": 3, "data": "Never Been but looks good"}}, {"model": "eventmakerapp.comment", "pk": 13, "fields": {"event": 6, "user": 3, "data": "coming next week"}}, {"model": "eventmakerapp.comment", "pk": 14, "fields": {"event": 8, "user": 3, "data": "i am bringing everyone"}}, {"model": "eventmakerapp.comment", "pk": 15, "fields": {"event": 10, "user": 3, "data": ":)"}}, {"model": "eventmakerapp.comment", "pk": 16, "fields": {"event": 1, "user": 4, "data": "coming tomorrow"}}, {"model": "eventmakerapp.comment", "pk": 17, "fields": {"event": 3, "user": 4, "data": "can you bring a bag"}}, {"model": "eventmakerapp.comment", "pk": 18, "fields": {"event": 5, "user": 4, "data": "whats the phone number for this place"}}, {"model": "eventmakerapp.comment", "pk": 19, "fields": {"event": 7, "user": 4, "data": "anyone want to come with me?"}}, {"model": "eventmakerapp.comment", "pk": 20, "fields": {"event": 9, "user": 4, "data": "add me on snap if your going sc_fakeuser"}}, {"model": "eventmakerapp.comment", "pk": 21, "fields": {"event": 1, "user": 5, "data": "is there a locker"}}, {"model": "eventmakerapp.comment", "pk": 22, "fields": {"event": 2, "user": 6, "data": "is this anygood"}}, {"model": "eventmakerapp.comment", "pk": 23, "fields": {"event": 3, "user": 6, "data": "expensive!?"}}, {"model": "eventmakerapp.comment", "pk": 24, "fields": {"event": 4, "user": 6, "data": "is there food"}}, {"model": "eventmakerapp.comment", "pk": 25, "fields": {"event": 6, "user": 6, "data": "can you bring in food"}}, {"model": "eventmakerapp.comment", "pk": 26, "fields": {"event": 8, "user": 6, "data": "Look so good"}}, {"model": "eventmakerapp.comment", "pk": 27, "fields": {"event": 10, "user": 6, "data": "great to see this"}}, {"model": "eventmakerapp.comment", "pk": 28, "fields": {"event": 1, "user": 7, "data": "might come along"}}, {"model": "eventmakerapp.comment", "pk": 29, "fields": {"event": 3, "user": 7, "data": "I want to do this for my birthday"}}, {"model": "eventmakerapp.comment", "pk": 30, "fields": {"event": 4, "user": 7, "data": "can you come early"}}, {"model": "eventmakerapp.comment", "pk": 31, "fields": {"event": 6, "user": 7, "data": "awesome"}}, {"model": "eventmakerapp.comment", "pk": 32, "fields": {"event": 8, "user": 7, "data": "Never coming again"}}, {"model": "eventmakerapp.comment", "pk": 33, "fields": {"event": 10, "user": 7, "data": "WOW"}}, {"model": "eventmakerapp.comment", "pk": 34, "fields": {"event": 1, "user": 8, "data": "Loved it"}}, {"model": "eventmakerapp.comment", "pk": 35, "fields": {"event": 3, "user": 8, "data": "Cant wait to do this again"}}, {"model": "eventmakerapp.comment", "pk": 36, "fields": {"event": 5, "user": 8, "data": "I cant drive"}}, {"model": "eventmakerapp.comment", "pk": 37, "fields": {"event": 7, "user": 8, "data": "How do you play"}}, {"model": "eventmakerapp.comment", "pk": 38, "fields": {"event": 9, "user": 8, "data": "Woop"}}, {"model": "eventmakerapp.comment", "pk": 39, "fields": {"event": 1, "user": 9, "data": "Crazy"}}, {"model": "eventmakerapp.comment", "pk": 40, "fields": {"event": 3, "user": 9, "data": "was not bad"}}, {"model": "eventmakerapp.comment", "pk": 41, "fields": {"event": 5, "user": 9, "data": "who else is coming"}}, {"model": "eventmakerapp.comment", "pk": 42, "fields": {"event": 7, "user": 9, "data": "anyone want to come with me"}}, {"model": "eventmakerapp.comment", "pk": 43, "fields": {"event": 9, "user": 9, "data": "look good"}}, {"model": "eventmakerapp.comment", "pk": 44, "fields": {"event": 1, "user": 10, "data": "Best Night ever"}}, {"model": "eventmakerapp.comment", "pk": 45, "fields": {"event": 3, "user": 10, "data": "Nice"}}, {"model": "eventmakerapp.comment", "pk": 46, "fields": {"event": 5, "user": 10, "data": "CANT WAIT"}}, {"model": "eventmakerapp.comment", "pk": 47, "fields": {"event": 7, "user": 10, "data": "I DONT LIKE CHESS"}}, {"model": "eventmakerapp.comment", "pk": 48, "fields": {"event": 10, "user": 10, "data": "THIS IS SO GOOD, FINALLY IT WILL BE CLEAN"}}, {"model": "eventmakerapp.like", "pk": 1, "fields": {"event": 1, "user": 1}}, {"model": "eventmakerapp.like", "pk": 2, "fields": {"event": 2, "user": 1}}, {"model": "eventmakerapp.like", "pk": 3, "fields": {"event": 3, "user": 1}}, {"model": "eventmakerapp.like", "pk": 4, "fields": {"event": 4, "user": 1}}, {"model": "eventmakerapp.like", "pk": 5, "fields": {"event": 5, "user": 1}}, {"model": "eventmakerapp.like", "pk": 6, "fields": {"event": 6, "user": 1}}, {"model": "eventmakerapp.like", "pk": 7, "fields": {"event": 7, "user": 1}}, {"model": "eventmakerapp.like", "pk": 8, "fields": {"event": 8, "user": 1}}, {"model": "eventmakerapp.like", "pk": 9, "fields": {"event": 9, "user": 1}}, {"model": "eventmakerapp.like", "pk": 10, "fields": {"event": 1, "user": 2}}, {"model": "eventmakerapp.like", "pk": 11, "fields": {"event": 2, "user": 2}}, {"model": "eventmakerapp.like", "pk": 12, "fields": {"event": 3, "user": 2}}, {"model": "eventmakerapp.like", "pk": 13, "fields": {"event": 4, "user": 2}}, {"model": "eventmakerapp.like", "pk": 14, "fields": {"event": 5, "user": 2}}, {"model": "eventmakerapp.like", "pk": 15, "fields": {"event": 6, "user": 2}}, {"model": "eventmakerapp.like", "pk": 16, "fields": {"event": 7, "user": 2}}, {"model": "eventmakerapp.like", "pk": 17, "fields": {"event": 8, "user": 2}}, {"model": "eventmakerapp.like", "pk": 18, "fields": {"event": 1, "user": 3}}, {"model": "eventmakerapp.like", "pk": 19, "fields": {"event": 2, "user": 3}}, {"model": "eventmakerapp.like", "pk": 20, "fields": {"event": 3, "user": 3}}, {"model": "eventmakerapp.like", "pk": 21, "fields": {"event": 4, "user": 3}}, {"model": "eventmakerapp.like", "pk": 22, "fields": {"event": 5, "user": 3}}, {"model": "eventmakerapp.like", "pk": 23, "fields": {"event": 6, "user": 3}}, {"model": "eventmakerapp.like", "pk": 24, "fields": {"event": 7, "user": 3}}, {"model": "eventmakerapp.like", "pk": 25, "fields": {"event": 1, "user": 4}}, {"model": "eventmakerapp.like", "pk": 26, "fields": {"event": 2, "user": 4}}, {"model": "eventmakerapp.like", "pk": 27, "fields": {"event": 3, "user": 4}}, {"model": "eventmakerapp.like", "pk": 28, "fields": {"event": 4, "user": 4}}, {"model": "eventmakerapp.like", "pk": 29, "fields": {"event": 5, "user": 4}}, {"model": "eventmakerapp.like", "pk": 30, "fields": {"event": 6, "user": 4}}, {"model": "eventmakerapp.like", "pk": 31, "fields": {"event": 1, "user": 5}}, {"model": "eventmakerapp.like", "pk": 32, "fields": {"event": 2, "user": 5}}, {"model": "eventmakerapp.like", "pk": 33, "fields": {"event": 3, "user": 5}}, {"model": "eventmakerapp.like", "pk": 34, "fields": {"event": 4, "user": 5}}, {"model": "eventmakerapp.like", "pk": 35, "fields": {"event": 5, "user": 5}}, {"model": "eventmakerapp.like", "pk": 36, "fields": {"event": 1, "user": 6}}, {"model": "eventmakerapp.like", "pk": 37, "fields": {"event": 2, "user": 6}}, {"model": "eventmakerapp.like", "pk": 38, "fields": {"event": 3, "user": 6}}, {"model": "eventmakerapp.like", "pk": 39, "fields": {"event": 4, "user": 6}}, {"model": "eventmakerapp.like", "pk": 40, "fields": {"event": 1, "user": 7}}, {"model": "eventmakerapp.like", "pk": 41, "fields": {"event": 2, "user": 7}}, {"model": "eventmakerapp.like", "pk": 42, "fields": {"event": 3, "user": 7}}, {"model": "eventmakerapp.like", "pk": 43, "fields": {"event": 1, "user": 8}}, {"model": "eventmakerapp.like", "pk": 44, "fields": {"event": 2, "user": 8}}, {"model": "eventmakerapp.like", "pk": 45, "fields": {"event": 1, "user": 9}}]